Parameter,Value
MSE,6.687333333333333
MAE,1.4113333333333333
R-SQUARED,0.3571391309173887
RMSE,2.585987883446737
ACCURACY,66.93333333333334
