Parameter,Value
MSE,21.922666666666668
MAE,3.5906666666666665
R-SQUARED,-1.067172763441946
RMSE,4.682164741512912
ACCURACY,12.0
